ID,Title,Section,Type,Priority,Estimate,Preconditions,Steps,Expected Result,References,Automation Status
RET-000,"PRE-FLIGHT - Returns module installed, Return setting on, Admin SPA Returns list reachable (suite BLOCKED, not FAIL, when missing)",Returns > Pre-flight,Functional,Critical,3m,"1. Admin user is logged in\n2. ENVIRONMENT REQUIRED BY THIS SUITE: (a) module VirtoCommerce.Return installed (GET /api/platform/modules lists ""Returns"" with isInstalled=true; menu More > Returns exists); (b) store Settings > Return > Return: ""Return module"" ON (default OFF on a new store), ""Order statuses allowing returns"" contains Completed; (c) return:read, return:update and return:authorize held by the admin; (d) legacy returns and buyer-submitted returns (Requested) exist for the cases that need them; (e) email delivery is not required",1. Open More > Returns\n2. Wait for the grid\n3. Open Stores > the store > Settings and expand Return > Return,1. The Returns list opens without an error toast and shows the status filter and the grid\n2. Return module reads ON for the store\n3. A miss in any of (a)-(c) means the whole suite is BLOCKED naming the missing prerequisite - never FAIL,"VCST-5628 · VCST-5883 · environment gate (see suites 073a, 073b, 050o, 014c for the same list)",Draft
RET-001,Create return from existing order,Returns > CRUD,Functional,Critical,5m,"1. Admin user is logged in\n2. At least one order exists with shipped items","1. Navigate to Returns workspace\n2. Click 'Add new return' button\n3. Select an existing order from the order picker\n4. Select one or more items to return\n5. Enter return reason and quantity\n6. Click Save","1. Return is created successfully with status 'New'\n2. Return number is auto-generated\n3. Return appears in the returns grid\n4. Linked order number is displayed correctly\n5. Item count matches selected items",,None
RET-002,View return details,Returns > CRUD,Functional,Critical,3m,"1. Admin user is logged in\n2. At least one return exists in the grid","1. Navigate to Returns workspace\n2. Click on an existing return row in the grid","1. Return detail blade opens\n2. All fields are displayed: Return number, Order number, Customer, Status, Create date, Modify date, Created by, Item count\n3. Return items list is visible with quantities and reasons\n4. Data matches what is shown in the grid row",,None
RET-003,Edit return details,Returns > CRUD,Functional,Critical,5m,"1. Admin user is logged in\n2. A return in 'New' status exists","1. Navigate to Returns workspace\n2. Open an existing return in 'New' status\n3. Modify the return reason or item quantity\n4. Click Save\n5. Close the blade and reopen the same return","1. Save completes without errors\n2. Modify date is updated\n3. Changes are persisted after closing and reopening the blade\n4. API PUT request returns 200/204 status code",,None
RET-004,Delete a return,Returns > CRUD,Functional,Critical,3m,"1. Admin user is logged in\n2. A return in 'New' status exists","1. Navigate to Returns workspace\n2. Select a return in 'New' status\n3. Click Delete button\n4. Confirm the deletion dialog","1. Return is removed from the grid\n2. Grid refreshes and return no longer appears\n3. Attempting to access the deleted return by direct URL shows appropriate error\n4. API DELETE request returns 200/204",,None
RET-005,Search returns by return number and order number,Returns > CRUD,Functional,Critical,5m,"1. Admin user is logged in\n2. Multiple returns exist in the grid","1. Navigate to Returns workspace\n2. Enter a known return number in the search field\n3. Verify filtered results\n4. Clear search\n5. Enter a known order number in the search field\n6. Verify filtered results","1. Search by return number shows only matching returns\n2. Search by order number shows returns linked to that order\n3. Clearing search restores full list\n4. Search is case-insensitive\n5. No results message displayed when search has no matches",,None
RET-006,Transition a legacy New return to Processing,Returns > Status Workflow,Functional,Critical,5m,"1. Admin user is logged in\n2. A return in 'New' status exists (admin-created through the legacy Add new return, never submitted by a buyer)",1. Navigate to Returns workspace (More > Returns)\n2. Open the return in 'New' status\n3. Open the status dropdown and note the options (the source is GET /api/return/{id}/available-statuses)\n4. Change status to 'Processing'\n5. Click Save\n6. Verify the status in the grid,1. Processing is offered for a New return and is saved\n2. Modify date is updated and the grid reflects the new status\n3. The change persists after a page refresh\n4. A plain status change is silent: no email and no push message is sent for it (only Approve/decline and Cancel notify)\n5. The units held by the return are unchanged,"VCST-5883 · repaired 2026-10 against the Step-1/Step-2 lifecycle (Draft, Requested, Approved, PartiallyApproved, Rejected, Cancelled; legacy New, Processing, Completed). Admin decisions: suite 073b; REST contract: suite 073a.",Draft
RET-007,Transition return status from Processing to Completed,Returns > Status Workflow,Functional,Critical,5m,"1. Admin user is logged in\n2. A return in 'Processing' status exists (a New return moved to Processing as in RET-006, or a decided return)",1. Navigate to Returns workspace\n2. Open a return in 'Processing' status\n3. Change status to 'Completed'\n4. Click Save\n5. Verify the status in the grid,"1. Status changes to 'Completed' and is saved\n2. Modify date is updated and the grid reflects the new status\n3. No earlier status (Draft, New, Requested) is offered afterwards: the dropdown moves forward only\n4. The change is silent: no email and no push message is sent, and the units held by the return are unchanged","VCST-5883 · repaired 2026-10 against the Step-1/Step-2 lifecycle (Draft, Requested, Approved, PartiallyApproved, Rejected, Cancelled; legacy New, Processing, Completed). Admin decisions: suite 073b; REST contract: suite 073a.",Draft
RET-008,Rejected cannot be chosen from the status dropdown - a return becomes Rejected only by declining every line,Returns > Status Workflow,Functional,Critical,5m,1. Admin user is logged in\n2. A Requested return exists (a buyer submitted it) and a legacy return in 'Processing' status exists,"1. Navigate to Returns workspace\n2. Open the Requested return and open the status dropdown\n3. Open the legacy Processing return and open its status dropdown\n4. Open the Requested return, open Line items > Approve / decline, set every line to approved 0 with a decline reason, confirm","1. The status dropdown of the Requested and of the Processing return does not offer Rejected, Approved or PartiallyApproved (decision statuses are reachable only through Approve / decline)\n2. Declining every line gives status Rejected, each line state Rejected, and the buyer is notified\n3. Rejected is terminal: its dropdown offers only Rejected","VCST-5883 · repaired 2026-10 against the Step-1/Step-2 lifecycle (Draft, Requested, Approved, PartiallyApproved, Rejected, Cancelled; legacy New, Processing, Completed). Admin decisions: suite 073b; REST contract: suite 073a. See RET-ADM-004, RET-ADM-006, RET-AUTH-025/026.",Draft
RET-009,Backward and sideways status transitions are not offered after Completed or after a decision,Returns > Status Workflow,Functional,Critical,5m,"1. Admin user is logged in\n2. A return in 'Completed' status exists and a decided return (Approved, PartiallyApproved or Rejected) exists",1. Navigate to Returns workspace\n2. Open the Completed return and open the status dropdown\n3. Open a decided return and open the status dropdown\n4. Compare each dropdown with GET /api/return/{id}/available-statuses,"1. The Completed return's dropdown offers no New, Processing, Draft or Requested\n2. A decided return's dropdown offers no Draft, New or Requested and no other decision status; ""Cancelled"" appears at most once and the legacy ""Canceled"" never appears\n3. Rejected and Cancelled returns offer only their own status\n4. Each dropdown equals the endpoint list, each value once","VCST-5883 · repaired 2026-10 against the Step-1/Step-2 lifecycle (Draft, Requested, Approved, PartiallyApproved, Rejected, Cancelled; legacy New, Processing, Completed). Admin decisions: suite 073b; REST contract: suite 073a. See RET-ADM-006, RET-AUTH-017/025.",Draft
RET-010,Filter returns grid by status,Returns > Status Workflow,Functional,Critical,3m,"1. Admin user is logged in\n2. Returns exist in several statuses among New, Requested, Processing, Completed, Approved, PartiallyApproved, Rejected, Cancelled","1. Navigate to Returns workspace\n2. Apply the status filter 'Requested' and note the rows and the count\n3. Repeat for Approved, PartiallyApproved, Rejected, Cancelled, Processing and Completed\n4. Remove all filters",1. Each status filter shows only returns of that status\n2. The displayed count equals the rows across pages\n3. Removing filters restores the full list\n4. The filter offers the Requested status (buyer-submitted returns),"VCST-5883 · repaired 2026-10 against the Step-1/Step-2 lifecycle (Draft, Requested, Approved, PartiallyApproved, Rejected, Cancelled; legacy New, Processing, Completed). Admin decisions: suite 073b; REST contract: suite 073a. See RET-ADM-009.",Draft
RET-011,Create return without selecting an order fails validation,Returns > Validation,Functional,High,3m,"1. Admin user is logged in","1. Navigate to Returns workspace\n2. Click 'Add new return'\n3. Do not select any order\n4. Attempt to proceed or save","1. Validation error is displayed indicating an order is required\n2. Return is not created\n3. Save button is disabled or form submission is blocked\n4. Error message is clear and user-friendly",,None
RET-012,"The same order line cannot be listed twice on one return, and the sum over open returns never exceeds what is returnable",Returns > Validation,Functional,High,5m,"1. Admin user is logged in\n2. A return exists that holds part of an order line, and a Requested return with a line for another order line",1. Navigate to Returns workspace\n2. Open the Requested return and add a second line for an order line that is already on it (Line items)\n3. Click Save\n4. Create another return for the same order and request more units of an already-held line than remain returnable\n5. Click Save,"1. Saving a return that lists one order line twice is refused with a message containing ""listed more than once""; nothing is saved (REST: 400)\n2. Requesting more than the remaining returnable quantity is refused and no return is created\n3. The total held across Requested, Approved and PartiallyApproved returns for one order line never exceeds the ordered/delivered quantity\n4. Draft, Cancelled and Rejected returns hold nothing and do not reduce the remaining quantity","VCST-5883 · repaired 2026-10 against the Step-1/Step-2 lifecycle (Draft, Requested, Approved, PartiallyApproved, Rejected, Cancelled; legacy New, Processing, Completed). Admin decisions: suite 073b; REST contract: suite 073a. REST contract: RET-AUTH-018/022.",Draft
RET-013,Return quantity above the returnable quantity is refused,Returns > Validation,Functional,High,3m,1. Admin user is logged in\n2. An order exists whose line has a known returnable quantity N (ordered/delivered minus what open returns hold),1. Navigate to Returns workspace\n2. Click 'Add new return' and select the order\n3. Enter a return quantity greater than N for that line\n4. Attempt to save,"1. The save is refused with a validation message about the quantity (no 500, no partial save)\n2. The return is not created\n3. The maximum accepted quantity equals the returnable quantity N, which is also what the buyer-facing returnableItems shows","VCST-5883 · repaired 2026-10 against the Step-1/Step-2 lifecycle (Draft, Requested, Approved, PartiallyApproved, Rejected, Cancelled; legacy New, Processing, Completed). Admin decisions: suite 073b; REST contract: suite 073a. Buyer-side boundary: 050o RET-GQL-020/022.",Draft
RET-014,Required fields validation on return creation,Returns > Validation,Functional,High,3m,"1. Admin user is logged in","1. Navigate to Returns workspace\n2. Click 'Add new return'\n3. Select an order but leave return reason empty\n4. Leave item quantity at zero or empty\n5. Attempt to save","1. Validation errors are displayed for all empty required fields\n2. Return is not created until all required fields are filled\n3. Each required field has a clear error message\n4. Save button is disabled or form blocks submission",,None
RET-015,Return is linked to the correct order,Returns > Cross-Module,Functional,High,5m,"1. Admin user is logged in\n2. A return exists linked to a known order","1. Navigate to Returns workspace\n2. Open a return and note the Order number\n3. Click on the Order number link or navigate to Orders workspace\n4. Locate the same order\n5. Verify the order details match","1. Order number in return matches actual order\n2. Clicking order number navigates to the correct order blade\n3. Order items match the items referenced in the return\n4. Customer information is consistent between return and order",,None
RET-016,Customer name on return matches linked order customer,Returns > Cross-Module,Functional,High,3m,"1. Admin user is logged in\n2. Multiple returns exist for different customers","1. Navigate to Returns workspace\n2. Note the Customer column for several returns\n3. Open each return and verify customer name\n4. Cross-reference with the linked order's customer","1. Customer name in the grid matches the customer in the return detail\n2. Customer name matches the customer on the linked order\n3. No mismatched or empty customer fields\n4. Customer data is consistent across Returns and Orders modules",,None
RET-017,Completed return triggers inventory restoration,Returns > Cross-Module,Functional,High,10m,1. Admin user is logged in\n2. Track inventory is enabled\n3. An order exists with items that decremented stock\n4. A return in 'Processing' status exists for that order,1. Note current inventory count for the returned item\n2. Navigate to Returns workspace\n3. Open the return in 'Processing' status\n4. Change status to 'Completed'\n5. Save the return\n6. Navigate to Inventory module\n7. Check the stock quantity for the returned item,1. Inventory quantity increases by the returned item quantity\n2. Inventory adjustment is logged if change logging is enabled\n3. Stock count matches: previous count + returned quantity\n4. Fulfillment center stock is updated correctly,HELD 2026-10: no requirement in VCST-5628/VCST-5883 says completing a return restores stock - the Return module raises no order-side or inventory event (domain map D9). Do not execute until the PO states whether stock restoration is intended; then author it against that decision.,None
RET-018,Return line price is the order line snapshot and stays editable in the Admin; there is no refund amount,Returns > Cross-Module,Functional,High,5m,1. Admin user is logged in\n2. A return exists with lines whose order prices are known,"1. Navigate to Returns workspace\n2. Open a return and open the Line items blade\n3. Compare each line price with the price of the same line on the linked order\n4. Edit one line price and click Save, reopen the return","1. Each line price and currency equal the order line item's price (a snapshot, not the current catalog price)\n2. The edited price persists after Save, even on a decided line (by design)\n3. No refund amount or payment refund exists on the return; completing it triggers no payment action\n4. The storefront shows no return prices (the xAPI has no price fields: 050o RET-GQL-043)","VCST-5883 · repaired 2026-10 against the Step-1/Step-2 lifecycle (Draft, Requested, Approved, PartiallyApproved, Rejected, Cancelled; legacy New, Processing, Completed). Admin decisions: suite 073b; REST contract: suite 073a. REST: RET-AUTH-035.",Draft
RET-019,Sort returns grid by all sortable columns,Returns > Grid and UX,Functional,Medium,5m,"1. Admin user is logged in\n2. Multiple returns exist with different values","1. Navigate to Returns workspace\n2. Click on 'Return number' column header to sort ascending\n3. Click again to sort descending\n4. Repeat for: Order number, Customer, Return status, Create date, Modify date, Created by, Item count","1. Each column sorts correctly in ascending and descending order\n2. Sort indicator (arrow) shows current sort direction\n3. Numeric columns sort numerically, dates sort chronologically, text sorts alphabetically\n4. Grid updates without errors after each sort",,None
RET-020,Pagination works correctly in returns grid,Returns > Grid and UX,Functional,Medium,5m,"1. Admin user is logged in\n2. More returns exist than the default page size (e.g., more than 20)","1. Navigate to Returns workspace\n2. Verify the default page shows limited results\n3. Click next page or scroll to load more\n4. Navigate back to the first page\n5. Change page size if option is available","1. Pagination controls are displayed when results exceed page size\n2. Navigating pages shows correct data without duplicates\n3. Total count is displayed and accurate\n4. Page size change refreshes the grid with the correct number of rows",,None
RET-021,Grid column visibility and data completeness,Returns > Grid and UX,Functional,Medium,3m,"1. Admin user is logged in\n2. Returns exist in the grid","1. Navigate to Returns workspace\n2. Verify all expected columns are visible: Return number, Order number, Customer, Return status, Create date, Modify date, Created by, Item count\n3. Check that no column has missing or null data for existing returns","1. All 8 columns are visible in the grid\n2. No columns show empty or 'undefined' values for existing returns\n3. Column widths allow data to be readable without excessive truncation\n4. Date columns display in a consistent format",,None
RET-022,Bulk select and delete multiple returns,Returns > Grid and UX,Functional,Medium,5m,"1. Admin user is logged in\n2. Multiple returns in 'New' status exist","1. Navigate to Returns workspace\n2. Select multiple returns using checkboxes\n3. Click the Delete button\n4. Confirm the bulk deletion dialog\n5. Verify the grid after deletion","1. Multiple returns can be selected via checkboxes\n2. Delete button is enabled when returns are selected\n3. Confirmation dialog shows the count of returns to be deleted\n4. All selected returns are removed from the grid after confirmation\n5. Non-selected returns remain unaffected",,None
